USE SPOTIFY;
GO


INSERT INTO Users (UserID, Username, Email, DateOfBirth, RegistrationDate, CountryID) VALUES
(1, 'KingJames', 'lebron.business@gmail.com', '1984-12-30', '2023-01-01', 3),
(2, 'KingOfNewYork', 'melo.legend@yahoo.com', '1984-05-29', '2023-02-10', 3),
(3, 'AmonRa', 'stbrown.det@gmail.com', '1999-10-24', '2023-03-05', 3),
(4, 'HollywoodBrown', 'primetime5@outlook.com', '1997-06-04', '2023-03-15', 3),
(5, 'SlimReaper', 'kd.easymoney@gmail.com', '1988-09-29', '2023-04-20', 3),
(6, 'GreekFreak', 'giannis.anteto@gmail.com', '1994-12-06', '2023-05-12', 8),
(7, 'AntMan', 'a.edwards.fan@gmail.com', '2009-08-05', '2023-06-20', 3),
(8, 'TheProcess', 'embiid.trust@outlook.com', '2010-03-16', '2023-07-01', 3),
(9, 'SpidaMitchell', 'donovan.fan@yahoo.com', '2011-09-07', '2023-08-15', 3),
(10, 'MattyIce', 'ice.ryan.future@gmail.com', '2012-05-17', '2023-11-01', 3),
(11, 'TokyoVibes', 'tokyo.vibes@gmail.com', '1996-04-12', '2023-12-01', 10),
(12, 'BerlinBeats', 'berlin.beats@outlook.com', '1992-09-03', '2023-12-05', 2),
(13, 'LatinoFlow', 'latin.flow@yahoo.com', '1998-01-27', '2023-12-10', 11),
(14, 'SoundExplorer', 'sound.explorer@gmail.com', '1987-07-18', '2023-12-15', 4),
(15, 'MusicAddict', 'music.addict@outlook.com', '2001-11-09', '2023-12-20', 13),
(16, 'NightListener', 'night.listener@gmail.com', '1995-02-22', '2023-12-22', 8),
(17, 'PodcastFan', 'podcast.fan@yahoo.com', '1983-06-30', '2023-12-24', 1),
(18, 'VinylLover', 'vinyl.lover@gmail.com', '1979-03-14', '2023-12-26', 15),
(19, 'StreamKing', 'stream.king@outlook.com', '2004-08-01', '2023-12-28', 3),
(20, 'AudioNerd', 'audio.nerd@gmail.com', '1990-12-19', '2023-12-30', 16),
(21, 'TechEnthusiast', 'j.doe.tech@gmail.com', '1995-05-15', '2024-01-05', 3),
(22, 'PolskiFan', 'krzysztof.muzyka@wp.pl', '1988-11-20', '2024-01-10', 1),
(23, 'BerlinRavers', 'hans.berlin@web.de', '2000-02-28', '2024-01-12', 2),
(24, 'IbizaVibes', 'carlos.suarez@yahoo.es', '1993-07-04', '2024-01-15', 5),
(25, 'SoccerMom', 'martha.jones@outlook.com', '1982-03-12', '2024-01-18', 3);


DISABLE TRIGGER TR_UserSubscriptions_InsertWithValidation ON UserSubscriptions;
DISABLE TRIGGER TR_UserSubscriptions_SetEndDate ON UserSubscriptions;
INSERT INTO UserSubscriptions (UserSubscriptionID, UserID, SubscriptionTypeID, StartDate, EndDate, IsActive) VALUES 
(1, 1, 1, '2023-01-01', '2023-02-01', 0),
(2, 1, 1, '2024-01-01', '2024-02-01', 0),
(3, 1, 4, '2025-01-01', '2026-01-01', 1),
(4, 2, 2, '2023-05-15', '2023-08-15', 0),
(5, 2, 2, '2025-02-01', '2025-05-01', 1),
(6, 3, 3, '2024-03-01', '2024-09-01', 0),
(7, 4, 1, '2023-01-15', '2023-02-15', 0),
(8, 4, 2, '2025-04-01', '2025-07-01', 1),
(9, 5, 4, '2024-01-01', '2025-01-01', 0),
(10, 5, 4, '2025-01-01', '2026-01-01', 1),
(11, 6, 4, '2024-01-01', '2025-01-01', 0),
(12, 6, 4, '2025-01-01', '2026-01-01', 1),
(13, 7, 1, '2023-06-01', '2023-07-01', 0),
(14, 7, 1, '2025-06-01', '2025-07-01', 1),
(15, 8, 2, '2023-01-01', '2023-04-01', 0),
(16, 9, 3, '2023-08-01', '2024-02-01', 0),
(17, 10, 1, '2023-11-01', '2023-12-01', 0),
(18, 10, 1, '2025-09-01', '2025-10-01', 1),
(19, 11, 4, '2023-12-01', '2024-12-01', 0),
(20, 11, 4, '2025-01-01', '2026-01-01', 1),
(21, 12, 4, '2024-01-01', '2025-01-01', 0),
(22, 12, 4, '2025-01-01', '2026-01-01', 1),
(23, 13, 1, '2023-12-15', '2024-01-15', 0),
(24, 14, 3, '2023-12-15', '2024-06-15', 0),
(25, 14, 3, '2025-01-01', '2025-07-01', 1),
(26, 15, 2, '2023-12-20', '2024-03-20', 0),
(27, 15, 2, '2025-01-01', '2025-04-01', 1),
(28, 16, 2, '2023-12-22', '2024-03-22', 0),
(29, 16, 2, '2025-01-01', '2025-04-01', 1),
(30, 17, 1, '2023-12-24', '2024-01-24', 0),
(31, 17, 1, '2025-01-01', '2025-02-01', 1),
(32, 18, 3, '2023-12-26', '2024-06-26', 0),
(33, 18, 3, '2025-01-01', '2025-07-01', 1),
(34, 19, 1, '2023-12-28', '2024-01-28', 0),
(35, 19, 1, '2025-01-01', '2025-02-01', 1),
(36, 20, 1, '2023-12-30', '2024-01-30', 0),
(37, 20, 1, '2025-01-01', '2025-02-01', 1),
(38, 21, 1, '2024-01-05', '2024-02-05', 0),
(39, 21, 1, '2025-01-01', '2025-02-01', 1),
(40, 22, 2, '2024-01-10', '2024-04-10', 0),
(41, 22, 2, '2025-01-01', '2025-04-01', 1),
(42, 23, 2, '2024-01-12', '2024-04-12', 0),
(43, 23, 2, '2025-01-01', '2025-04-01', 1),
(44, 24, 4, '2024-01-15', '2025-01-15', 0),
(45, 24, 4, '2025-01-01', '2026-01-01', 1),
(46, 25, 2, '2024-01-18', '2024-04-18', 0),
(47, 25, 4, '2025-01-01', '2026-01-01', 1),
(48, 1, 1, '2022-01-01', '2022-02-01', 0),
(49, 5, 2, '2022-05-01', '2022-08-01', 0),
(50, 11, 3, '2022-10-01', '2023-04-01', 0);
ENABLE TRIGGER TR_UserSubscriptions_InsertWithValidation ON UserSubscriptions;
ENABLE TRIGGER TR_UserSubscriptions_SetEndDate ON UserSubscriptions;


INSERT INTO FollowsArtists (UserID, ArtistID, FollowDate) VALUES
(1,3,'2023-01-15'),(1,5,'2023-02-10'),(1,6,'2023-03-05'),
(2,1,'2023-02-20'),(2,2,'2023-03-15'),(2,13,'2023-04-10'),
(3,1,'2023-03-10'),(3,2,'2023-03-12'),(3,13,'2023-04-05'),(3,14,'2023-04-20'),
(4,11,'2023-04-01'),(4,12,'2023-04-15'),(4,13,'2023-05-10'),
(5,1,'2023-05-01'),(5,2,'2023-05-15'),(5,13,'2023-06-05'),
(6,3,'2023-06-01'),(6,5,'2023-06-15'),(6,8,'2023-07-10'),
(7,13,'2023-07-01'),(7,14,'2023-07-15'),(7,15,'2023-08-05'),
(8,11,'2023-07-10'),(8,12,'2023-08-01'),(8,7,'2023-08-20'),
(9,3,'2023-08-20'),(9,4,'2023-09-10'),(9,6,'2023-10-05'),
(10,13,'2023-11-05'),(10,14,'2023-11-20'),(10,15,'2023-12-01'),
(11,9,'2023-12-05'),(11,10,'2023-12-10'),(11,4,'2023-12-15'),
(12,3,'2023-12-10'),(12,13,'2023-12-15'),(12,5,'2023-12-20'),
(13,11,'2023-12-15'),(13,12,'2023-12-20'),(13,7,'2023-12-25'),
(14,5,'2023-12-20'),(14,3,'2023-12-24'),(14,18,'2023-12-28'),
(15,4,'2023-12-25'),(15,6,'2023-12-28'),(15,17,'2024-01-02'),
(16,3,'2023-12-26'),(16,5,'2023-12-30'),(16,18,'2024-01-05'),
(17,1,'2023-12-28'),(17,2,'2024-01-02'),
(18,5,'2023-12-30'),(18,3,'2024-01-05'),(18,17,'2024-01-10'),
(19,13,'2024-01-01'),(19,14,'2024-01-05'),(19,15,'2024-01-10'),(19,7,'2024-01-12'),
(20,5,'2024-01-02'),(20,3,'2024-01-08'),(20,9,'2024-01-12'),
(21,13,'2024-01-06'),(21,14,'2024-01-10'),
(22,4,'2024-01-11'),(22,5,'2024-01-15'),
(23,3,'2024-01-14'),(23,13,'2024-01-18'),(23,15,'2024-01-20'),
(24,11,'2024-01-17'),(24,12,'2024-01-20'),(24,8,'2024-01-22'),
(25,6,'2024-01-20'),(25,17,'2024-01-23'),(25,4,'2024-01-25');


INSERT INTO FollowsPodcasts (UserID, PodcastID, FollowDate) VALUES
(1,3,'2023-01-10'),(1,6,'2023-01-15'),
(2,3,'2023-02-15'),(2,7,'2023-03-01'),
(3,3,'2023-03-15'),(3,10,'2023-04-01'),
(4,2,'2023-04-05'),(4,4,'2023-04-12'),
(5,2,'2023-05-05'),(5,5,'2023-05-20'),
(6,1,'2023-06-05'),(6,10,'2023-06-20'),
(7,11,'2023-07-05'),(7,3,'2023-07-12'),(7,7,'2023-07-20'),
(8,3,'2023-07-15'),(8,7,'2023-08-05'),
(9,7,'2023-08-25'),(9,10,'2023-09-15'),
(10,10,'2023-11-10'),(10,3,'2023-11-25'),
(11,2,'2023-12-08'),(11,9,'2023-12-12'),
(12,2,'2023-12-12'),(12,4,'2023-12-18'),
(13,3,'2023-12-18'),(13,10,'2023-12-22'),
(14,2,'2023-12-22'),(14,5,'2023-12-26'),
(15,10,'2023-12-27'),(15,7,'2024-01-03'),
(16,4,'2023-12-28'),(16,2,'2024-01-04'),
(17,1,'2023-12-26'),(17,8,'2023-12-29'),(17,9,'2024-01-03'),
(18,7,'2024-01-02'),(18,3,'2024-01-07'),
(19,3,'2024-01-03'),(19,10,'2024-01-08'),
(20,9,'2024-01-05'),(20,5,'2024-01-10'),(20,2,'2024-01-14'),
(21,2,'2024-01-07'),(21,4,'2024-01-12'),(21,5,'2024-01-15'),
(22,1,'2024-01-12'),(22,8,'2024-01-16'),(22,9,'2024-01-19'),
(23,4,'2024-01-16'),(23,2,'2024-01-21'),
(24,3,'2024-01-19'),(24,10,'2024-01-24'),
(25,5,'2024-01-22'),(25,7,'2024-01-26');


INSERT INTO SongLikes (UserID, SongID, LikeDate) VALUES
(1,16,'2023-01-20'),(1,17,'2023-01-20'),(1,18,'2023-01-20'),(1,29,'2023-02-01'),(1,30,'2023-02-01'),(1,33,'2023-02-05'),(1,37,'2023-02-10'),(1,38,'2023-02-15'),(1,40,'2023-02-20'),
(2,1,'2023-03-01'),(2,2,'2023-03-01'),(2,3,'2023-03-01'),(2,7,'2023-03-10'),(2,8,'2023-03-10'),(2,12,'2023-03-15'),(2,79,'2024-09-14'),(2,80,'2023-12-25'),(2,81,'2023-12-25'),
(3,1,'2023-04-17'),(3,2,'2023-04-17'),(3,3,'2023-04-17'),(3,4,'2023-04-17'),(3,5,'2023-04-17'),(3,6,'2023-03-28'),(3,79,'2024-09-14'),(3,83,'2023-12-26'),(3,100,'2023-08-15'),(3,113,'2023-11-25'),
(4,64,'2023-03-30'),(4,65,'2023-03-30'),(4,66,'2023-03-30'),(4,68,'2023-05-10'),(4,69,'2023-05-10'),(4,70,'2023-11-01'),(4,71,'2023-07-15'),(4,72,'2023-07-15'),(4,78,'2023-12-25'),
(5,1,'2023-05-05'),(5,7,'2023-05-05'),(5,12,'2023-06-25'),(5,79,'2024-09-14'),(5,80,'2023-12-28'),(5,81,'2023-12-28'),(5,90,'2025-03-15'),(5,92,'2025-03-15'),
(6,16,'2023-01-25'),(6,21,'2023-10-10'),(6,22,'2023-05-15'),(6,29,'2023-01-20'),(6,33,'2023-11-20'),(6,54,'2023-06-05'),(6,55,'2023-06-05'),(6,57,'2023-06-20'),
(7,79,'2024-09-14'),(7,81,'2023-12-26'),(7,85,'2023-05-15'),(7,90,'2025-03-15'),(7,95,'2023-05-10'),(7,100,'2023-08-15'),(7,104,'2023-07-10'),(7,107,'2023-07-10'),(7,113,'2023-11-25'),
(8,64,'2023-03-05'),(8,68,'2023-05-10'),(8,69,'2023-05-10'),(8,70,'2023-11-05'),(8,74,'2023-12-22'),(8,47,'2023-08-30'),(8,48,'2023-08-30'),(8,50,'2023-07-05'),
(9,16,'2023-01-25'),(9,21,'2023-10-15'),(9,23,'2023-08-30'),(9,27,'2023-03-01'),(9,28,'2023-03-01'),(9,38,'2023-11-20'),(9,39,'2023-11-20'),(9,46,'2023-07-15'),
(10,79,'2024-09-14'),(10,81,'2023-12-26'),(10,100,'2023-08-15'),(10,101,'2023-08-15'),(10,107,'2023-07-10'),(10,108,'2023-07-10'),(10,113,'2023-11-25'),(10,116,'2023-05-01'),
(11,58,'2023-12-05'),(11,59,'2023-12-05'),(11,60,'2023-12-05'),(11,61,'2023-12-10'),(11,62,'2023-12-10'),(11,63,'2023-12-10'),(11,27,'2023-12-15'),(11,28,'2023-12-15'),
(12,16,'2023-01-25'),(12,20,'2023-01-25'),(12,21,'2023-10-15'),(12,29,'2023-01-20'),(12,33,'2023-11-20'),(12,79,'2024-09-14'),(12,81,'2023-12-26'),(12,85,'2023-05-15'),
(13,64,'2023-03-05'),(13,68,'2023-05-10'),(13,69,'2023-05-10'),(13,70,'2023-11-05'),(13,71,'2023-07-20'),(13,74,'2023-12-22'),(13,47,'2023-08-30'),(13,50,'2023-07-05'),
(14,29,'2023-01-20'),(14,30,'2023-01-20'),(14,33,'2023-11-20'),(14,37,'2023-12-10'),(14,16,'2023-01-25'),(14,21,'2023-10-15'),(14,121,'2023-12-20'),(14,122,'2025-05-10'),
(15,23,'2023-08-30'),(15,27,'2023-03-01'),(15,38,'2023-11-20'),(15,39,'2023-11-20'),(15,42,'2023-03-25'),(15,46,'2023-07-15'),(15,118,'2023-08-20'),(15,120,'2023-08-20'),
(16,16,'2023-01-25'),(16,21,'2023-10-15'),(16,29,'2023-01-20'),(16,33,'2023-11-20'),(16,37,'2023-12-10'),(16,121,'2023-12-20'),(16,122,'2025-05-10'),(16,124,'2025-05-10'),
(17,1,'2023-04-20'),(17,7,'2023-03-15'),(17,12,'2023-06-25'),(17,29,'2023-01-20'),(17,33,'2023-11-20'),(17,64,'2023-03-05'),(17,68,'2023-05-10'),(17,79,'2024-09-14'),
(18,29,'2023-01-20'),(18,30,'2023-01-20'),(18,33,'2023-11-20'),(18,16,'2023-01-25'),(18,21,'2023-10-15'),(18,118,'2023-08-20'),(18,119,'2023-08-20'),(18,121,'2023-12-20'),
(19,79,'2024-09-14'),(19,81,'2023-12-26'),(19,83,'2023-12-26'),(19,100,'2023-08-15'),(19,101,'2023-08-15'),(19,107,'2023-07-10'),(19,113,'2023-11-25'),(19,47,'2023-08-30'),
(20,29,'2023-01-20'),(20,33,'2023-11-20'),(20,16,'2023-01-25'),(20,58,'2023-12-10'),(20,61,'2023-12-15'),(20,121,'2023-12-20'),(20,122,'2025-05-10'),(20,53,'2023-10-20'),
(21,79,'2024-09-14'),(21,81,'2023-12-26'),(21,85,'2023-05-15'),(21,95,'2023-05-10'),(21,100,'2023-08-15'),(21,107,'2023-07-10'),(21,113,'2023-11-25'),(21,53,'2023-10-20'),
(22,23,'2023-08-30'),(22,27,'2023-03-01'),(22,28,'2023-03-01'),(22,29,'2023-01-20'),(22,33,'2023-11-20'),(22,1,'2023-04-20'),(22,7,'2023-03-15'),(22,12,'2023-06-25'),
(23,16,'2023-01-25'),(23,21,'2023-10-15'),(23,79,'2024-09-14'),(23,81,'2023-12-26'),(23,100,'2023-08-15'),(23,107,'2023-07-10'),(23,113,'2023-11-25'),(23,95,'2023-05-10'),
(24,64,'2023-03-05'),(24,68,'2023-05-10'),(24,69,'2023-05-10'),(24,70,'2023-11-05'),(24,74,'2023-12-22'),(24,54,'2023-06-05'),(24,56,'2023-06-05'),(24,57,'2023-06-20'),
(25,38,'2023-11-20'),(25,39,'2023-11-20'),(25,43,'2023-03-25'),(25,46,'2023-07-15'),(25,23,'2023-08-30'),(25,27,'2023-03-01'),(25,118,'2023-08-20'),(25,120,'2023-08-20');


INSERT INTO EpisodeLikes (UserID, EpisodeID, LikeDate) VALUES
(1,11,'2023-12-05'),(1,12,'2023-12-06'),(1,22,'2023-09-25'),(1,23,'2023-10-05'),
(2,11,'2023-12-05'),(2,13,'2023-12-15'),(2,25,'2023-09-25'),(2,26,'2023-10-10'),
(3,11,'2023-12-05'),(3,15,'2023-12-25'),(3,34,'2024-01-15'),(3,36,'2024-01-30'),
(4,6,'2023-11-05'),(4,7,'2023-11-15'),(4,16,'2023-09-20'),(4,17,'2023-10-05'),
(5,6,'2023-11-05'),(5,9,'2023-11-25'),(5,19,'2023-10-05'),(5,21,'2023-11-05'),
(6,1,'2023-10-05'),(6,2,'2023-10-10'),(6,34,'2024-01-15'),(6,35,'2024-01-20'),
(7,37,'2024-02-05'),(7,38,'2024-02-10'),(7,11,'2023-12-05'),(7,25,'2023-09-25'),
(8,11,'2023-12-05'),(8,14,'2023-12-20'),(8,25,'2023-09-25'),(8,27,'2023-10-25'),
(9,25,'2023-09-25'),(9,26,'2023-10-10'),(9,34,'2024-01-15'),(9,35,'2024-01-20'),
(10,34,'2024-01-15'),(10,36,'2024-01-30'),(10,11,'2023-12-05'),(10,13,'2023-12-15'),
(11,6,'2023-11-05'),(11,8,'2023-11-20'),(11,31,'2023-09-20'),(11,32,'2023-10-05'),
(12,6,'2023-11-05'),(12,7,'2023-11-15'),(12,16,'2023-09-20'),(12,18,'2023-10-20'),
(13,11,'2023-12-05'),(13,15,'2023-12-25'),(13,34,'2024-01-15'),(13,36,'2024-01-30'),
(14,6,'2023-11-05'),(14,10,'2023-11-30'),(14,19,'2023-10-05'),(14,20,'2023-10-20'),
(15,34,'2024-01-15'),(15,35,'2024-01-20'),(15,25,'2023-09-25'),(15,27,'2023-10-25'),
(16,16,'2023-09-20'),(16,17,'2023-10-05'),(16,6,'2023-11-05'),(16,7,'2023-11-15'),
(17,1,'2023-10-05'),(17,3,'2023-10-20'),(17,28,'2023-09-30'),(17,31,'2023-09-20'),
(18,25,'2023-09-25'),(18,26,'2023-10-10'),(18,11,'2023-12-05'),(18,12,'2023-12-10'),
(19,11,'2023-12-05'),(19,15,'2023-12-25'),(19,34,'2024-01-15'),(19,35,'2024-01-20'),
(20,31,'2023-09-20'),(20,33,'2023-10-20'),(20,19,'2023-10-05'),(20,6,'2023-11-05'),
(21,6,'2023-11-05'),(21,7,'2023-11-15'),(21,16,'2023-09-20'),(21,19,'2023-10-05'),
(22,1,'2023-10-05'),(22,4,'2023-10-25'),(22,28,'2023-09-30'),(22,31,'2023-09-20'),
(23,16,'2023-09-20'),(23,18,'2023-10-20'),(23,6,'2023-11-05'),(23,9,'2023-11-25'),
(24,11,'2023-12-05'),(24,14,'2023-12-20'),(24,34,'2024-01-15'),(24,36,'2024-01-30'),
(25,19,'2023-10-05'),(25,21,'2023-11-05'),(25,25,'2023-09-25'),(25,26,'2023-10-10');